id,from,to,time,risk,cost,window_start,window_end
E0,N00,N01,4,1,6,0,120
E1,N01,N02,5,2,4,0,120
E2,N02,N03,4,1,8,0,120
E3,N03,N04,4,1,3,0,120
E4,N04,N05,5,2,10,0,120
E5,N05,N06,8,1,10,0,120
E6,N06,N07,5,4,5,0,120
E7,N07,N08,7,3,2,0,120
E8,N08,N09,5,4,7,0,120
E9,N09,N10,6,2,5,0,120
E10,N10,N11,6,1,3,0,120
E11,N11,N12,7,1,7,0,120
E12,N12,N13,6,3,2,0,120
E13,N13,N14,7,1,8,0,120
E14,N14,N15,4,3,7,0,120
E15,N15,N16,8,2,3,0,120
E16,N16,N17,4,2,6,0,120
E17,N17,N18,4,2,3,0,120
E18,N18,N19,7,3,9,0,120
E19,N19,N20,6,2,7,0,120
E20,N20,N21,6,2,6,0,120
E21,N21,N22,4,2,10,0,120
E22,N22,N23,5,2,9,0,120
E23,N23,N24,7,3,10,0,120
E24,N24,N25,5,3,2,0,120
E25,N25,N26,5,1,7,0,120
E26,N26,N27,7,3,3,0,120
E27,N27,N28,5,3,5,0,120
E28,N28,N29,7,4,9,0,120
E29,N29,N30,5,3,4,0,120
E30,N30,N31,5,3,8,0,120
E31,N31,N32,8,4,7,0,120
E32,N32,N33,5,2,10,0,120
E33,N33,N34,7,1,2,0,120
E34,N34,N35,4,2,4,0,120
E35,N35,N36,7,1,8,0,120
E36,N36,N37,7,4,10,0,120
E37,N37,N38,6,1,3,0,120
E38,N38,N39,8,3,7,0,120
E39,N39,N40,4,3,8,0,120
E40,N40,N41,5,4,2,0,120
E41,N41,N42,6,2,10,0,120
E42,N42,N43,4,3,10,0,120
E43,N43,N44,8,2,4,0,120
E44,N44,N45,6,2,10,0,120
E45,N45,N46,8,1,7,0,120
E46,N46,N47,7,1,3,0,120
E47,N47,N48,6,3,5,0,120
E48,N48,N49,4,2,3,0,120
E49,N49,N50,4,4,3,0,120
E50,N50,N51,8,2,4,0,120
E51,N51,N52,7,2,6,0,120
E52,N52,N53,8,4,5,0,120
E53,N53,N54,8,2,6,0,120
E54,N54,N55,7,3,9,0,120
E55,N55,N56,8,4,3,0,120
E56,N56,N57,5,2,3,0,120
E57,N57,N58,6,1,10,0,120
E58,N58,N59,5,2,2,0,120
E59,N00,N03,1,18,2,0,120
E60,N03,N07,1,18,3,0,120
E61,N07,N59,1,21,3,0,120
E62,N00,N15,9,1,7,0,120
E63,N15,N30,7,3,7,0,120
E64,N30,N45,10,2,4,0,120
E65,N45,N59,9,2,4,0,120
E66,N06,N42,9,6,14,52,101
E67,N55,N46,3,2,2,51,92
E68,N51,N55,4,4,7,24,78
E69,N28,N08,9,3,9,59,94
E70,N55,N59,4,8,18,12,35
E71,N41,N34,3,2,8,21,67
E72,N31,N30,6,7,2,21,65
E73,N00,N24,7,8,10,54,109
E74,N42,N45,10,3,7,37,70
E75,N03,N37,14,9,2,40,63
E76,N30,N32,11,3,2,65,90
E77,N54,N11,4,10,3,86,120
E78,N25,N07,12,4,19,76,98
E79,N39,N05,9,10,19,66,106
E80,N59,N16,6,6,8,33,78
E81,N08,N42,13,5,15,40,64
E82,N00,N29,12,10,4,9,63
E83,N13,N32,7,3,12,8,43
E84,N23,N18,5,8,18,90,120
E85,N39,N51,13,9,1,85,120
E86,N19,N59,13,2,5,33,60
E87,N56,N06,14,9,5,34,72
E88,N38,N13,14,6,7,87,120
E89,N54,N16,11,8,9,6,31
E90,N40,N27,7,1,1,42,70
E91,N40,N16,5,8,18,90,120
E92,N35,N00,4,2,5,69,91
E93,N53,N23,12,9,5,55,83
E94,N02,N19,8,1,12,26,61
E95,N42,N06,8,9,14,79,108
E96,N59,N15,5,3,14,3,34
E97,N47,N59,8,7,8,34,64
E98,N50,N44,4,7,2,60,94
E99,N12,N52,10,6,10,29,63
E100,N01,N42,6,7,11,35,59
E101,N49,N17,8,9,13,86,120
E102,N21,N01,4,5,6,74,110
E103,N02,N06,12,7,12,40,87
E104,N38,N32,4,7,19,24,60
E105,N02,N45,9,1,17,68,100
E106,N23,N27,4,6,20,40,67
E107,N46,N57,7,9,10,85,120
E108,N20,N25,14,5,18,16,48
E109,N26,N42,9,3,20,72,111
E110,N25,N35,3,5,10,26,73
E111,N50,N37,12,6,15,56,104
E112,N43,N13,11,8,6,84,109
E113,N18,N32,13,10,11,11,46
E114,N43,N19,6,4,5,3,25
E115,N39,N54,15,2,15,53,113
E116,N36,N12,14,7,16,51,86
E117,N09,N41,14,1,4,54,88
E118,N11,N51,14,9,15,6,61
E119,N15,N58,4,8,5,59,112
E120,N35,N38,8,8,20,64,111
E121,N53,N58,11,8,6,60,108
E122,N16,N48,6,5,17,62,120
E123,N15,N17,10,2,10,30,67
E124,N21,N20,11,2,5,19,53
E125,N24,N44,5,4,3,53,99
E126,N21,N34,10,7,2,26,72
E127,N24,N57,15,10,1,73,117
E128,N30,N00,8,5,13,53,107
E129,N47,N34,15,10,8,62,96
E130,N17,N27,10,1,13,43,88
E131,N46,N10,10,3,20,68,89
E132,N58,N25,12,10,1,10,57
E133,N08,N55,10,3,2,33,77
E134,N20,N13,10,6,11,48,85
E135,N48,N53,9,5,3,60,81
E136,N03,N22,6,2,2,3,38
E137,N12,N53,3,10,5,30,58
E138,N30,N42,4,10,7,59,95
E139,N49,N23,5,10,20,14,44
E140,N19,N06,12,1,10,73,117
E141,N25,N45,6,2,19,88,120
E142,N15,N06,14,5,20,15,71
E143,N50,N02,8,9,14,84,120
E144,N04,N32,13,6,1,53,104
E145,N06,N27,8,8,5,55,86
E146,N46,N33,13,5,20,68,118
E147,N29,N27,14,10,9,41,76
E148,N53,N59,4,5,15,31,80
E149,N36,N39,13,7,11,3,54
E150,N54,N20,5,8,7,45,81
E151,N21,N17,12,5,18,1,54
E152,N12,N05,6,7,16,71,106
E153,N44,N30,13,8,15,2,27
E154,N18,N14,9,4,10,84,120
E155,N23,N30,11,9,12,54,109
E156,N44,N29,7,5,9,29,56
E157,N46,N12,8,2,18,88,119
E158,N47,N30,7,10,17,76,114
E159,N06,N53,6,5,8,46,77
E160,N19,N00,14,9,5,35,57
E161,N03,N35,7,3,16,13,33
E162,N36,N18,10,8,15,43,74
E163,N03,N16,10,2,3,51,102
E164,N04,N36,13,1,5,19,75
E165,N19,N05,6,2,18,53,111
E166,N38,N50,12,4,17,48,96
E167,N58,N28,7,10,14,39,95
E168,N39,N03,12,2,7,80,113
E169,N16,N42,4,3,8,22,77
E170,N04,N10,3,7,15,88,120
E171,N30,N18,3,4,10,90,120
E172,N44,N55,10,2,8,33,93
E173,N37,N42,15,4,14,14,68
E174,N14,N41,5,5,5,9,32
E175,N10,N50,7,10,19,36,84
